priority,campaign_id,gate,primary_platforms,asset_vertical,hook_3s,instagram_caption,tiktok_short_script,youtube_shorts_angle,x_post,approval_status,blockers
P0,arc-social-040-unity-cooperation-lattice,Unity,"TikTok;Reels;Shorts",exports/vertical-9x16/arc-social-040-unity-cooperation-lattice-vertical-9x16.png,"Proof needs people.","A proof artifact only holds when the team holds together. Unity Gate: cooperation as infrastructure.","Start on the artifact shaking. Cut to the team stabilizing it. Close: Build the bridge together.","A 20-35s proof ritual: cooperation prevents the artifact from collapsing.","Proof needs people. The Unity Gate is not solo mastery; it is the bridge that holds.",needs_human_review,"rights_unknown;caption_review;no_audio_selected"
P0,arc-social-041-webtoon-gate-choice,Foundation,"Reels;Shorts;Webtoon teaser;X",exports/vertical-9x16/arc-social-041-webtoon-gate-choice-vertical-9x16.png,"Hold the gate open.","A blank ledger. A consent exit. A choice. This is where the Gate-Descent becomes human.","Open on the blank ledger. Reveal the friends holding the gate. Close: Choose proof over control.","A 25-45s story teaser for the first Gate choice, with no spoilers and no fake dialogue.","The strongest gate is the one you can leave. Hold it open.",needs_human_review,"rights_unknown;story_spoiler_review;no_audio_selected"
P0,arc-social-042-music-resonance-proof,Voice,"Shorts;Reels;YouTube;music teaser",exports/vertical-9x16/arc-social-042-music-resonance-proof-vertical-9x16.png,"The song leaves proof.","Performance becomes an artifact. Voice Gate turns sound into something you can inspect.","Start on the resonance core. Pulse to the performer. Close: Make sound remember.","A 15-30s cover teaser for a future Arcanea music proof loop.","A song is not gone when it leaves evidence. Voice Gate proof.",needs_human_review,"rights_unknown;audio_pairing_needed;caption_review"
P1,arc-social-033-fire-gate-forge-titan,Fire,"TikTok;Reels;Shorts;X",exports/vertical-9x16/arc-social-033-fire-gate-forge-titan-vertical-9x16.png,"Power that builds.","Draconis sleeps beneath a forge city. Power means construction, not domination.","Start on the sleeping Titan scale. Cut to the forge city. Close: Create proof, not noise.","A 20-35s awe-scale Titan post that resolves into useful creative work.","Power is only interesting when it builds something.",needs_human_review,"rights_unknown;titan_language_review"
P1,arc-social-028-heart-realm-living-ark,Heart,"Instagram feed;Reels;X",exports/vertical-9x16/arc-social-028-heart-realm-living-ark-vertical-9x16.png,"Scale is responsibility.","A living ark carries creators through the Heart Gate. Big worlds should hold people well.","Open on the ark scale. Show tiny creators. Close: Build worlds that hold people.","A 20-40s Heart Gate stewardship cut about scale with care.","Scale is a responsibility. Build worlds that can carry people.",needs_human_review,"rights_unknown;caption_review"
P1,arc-social-025-world-tower-practice,Heart,"Reels;TikTok;carousel",exports/vertical-9x16/arc-social-025-world-tower-practice-vertical-9x16.png,"A world big enough to practice in.","Tiny creators. Vast habitats. One proof at a time.","Start with the tower scale. Cut to creator detail. Close: Answer The Drift with artifacts.","A 30-45s world-practice explainer or carousel companion.","The world is vast because practice needs room.",needs_human_review,"rights_unknown;carousel_breakdown_needed"
P2,arc-social-027-music-portal-bloom,Voice,"Shorts;Reels;music cover",exports/vertical-9x16/arc-social-027-music-portal-bloom-vertical-9x16.png,"Make the song visible.","Sound becomes a proof artifact. The portal bloom is the receipt.","Open on bloom expansion. Add beat-synced motion later. Close: Compose something you can keep.","A 15-25s music proof visualizer seed.","Make the song visible. Keep the proof.",needs_human_review,"rights_unknown;audio_pairing_needed"
P2,arc-social-031-luminor-rank-proof,Source,"X;Instagram;lore carousel",exports/vertical-9x16/arc-social-031-luminor-rank-proof-vertical-9x16.png,"Luminor is earned.","Ten Gates. One proof-led path. Luminor is a rank, not a species.","Start with the rank proof. Reveal the Gate path. Close: Mastery leaves evidence.","A 20-35s lore education cut explaining rank without overexposition.","Luminor is earned. It is rank, proof, and responsibility.",needs_human_review,"rights_unknown;lore_accuracy_review"
P2,arc-social-035-music-proof-stage,Voice,"Shorts;Reels;stage teaser",exports/vertical-9x16/arc-social-035-music-proof-stage-vertical-9x16.png,"Turn performance into proof.","A creator shapes resonance in public. Ritual becomes useful.","Start on the performer. Reveal the stage artifact. Close: Make the ritual useful.","A 15-30s performance teaser for future motion/audio pairing.","Performance is stronger when it leaves proof.",needs_human_review,"rights_unknown;audio_pairing_needed"
