timestamp,filename,category,aspectRatio,sizeKB,prompt
"2026-07-05T23:25:22.247Z","academy_hall_1783293877994.png","Character/Env","Auto","1026.6","See generated artifact"
"2026-07-05T23:25:22.263Z","arion_academy_1783293846776.png","Character/Env","Auto","860.0","See generated artifact"
"2026-07-05T23:25:22.270Z","emilia_assassin_1783293870060.png","Character/Env","Auto","964.1","See generated artifact"
"2026-07-05T23:25:22.278Z","mamoru_dungeon_1783293853692.png","Character/Env","Auto","857.9","See generated artifact"
"2026-07-05T23:25:22.282Z","mera_elements_1783293862991.png","Character/Env","Auto","1008.0","See generated artifact"
"2026-07-05T23:26:28.775Z","aiyami_crown_1783293950103.png","Character/Env","Auto","942.7","See generated artifact"
"2026-07-05T23:26:28.797Z","elara_shift_1783293957586.png","Character/Env","Auto","1054.2","See generated artifact"
"2026-07-05T23:26:28.801Z","luminor_ascension_1783293964045.png","Character/Env","Auto","1006.2","See generated artifact"
"2026-07-05T23:26:28.805Z","shinkami_source_1783293942362.png","Character/Env","Auto","1074.9","See generated artifact"
"2026-07-05T23:26:28.809Z","unity_gate_ino_1783293970990.png","Character/Env","Auto","834.0","See generated artifact"
"2026-07-05T23:27:33.447Z","academy_grounds_exterior_1783294020630.png","Character/Env","Auto","1113.7","See generated artifact"
"2026-07-05T23:27:33.460Z","dungeon_entrance_gate_1783294034651.png","Character/Env","Auto","923.5","See generated artifact"
"2026-07-05T23:27:33.465Z","lumina_capital_1783294006233.png","Character/Env","Auto","1021.6","See generated artifact"
"2026-07-05T23:27:33.469Z","the_abyss_edge_1783294012996.png","Character/Env","Auto","846.6","See generated artifact"
"2026-07-05T23:27:33.481Z","the_crystal_forest_1783294027797.png","Character/Env","Auto","1205.5","See generated artifact"
"2026-07-05T23:28:50.267Z","colossal_ancient_machine_1783294098401.png","Character/Env","Auto","894.8","See generated artifact"
"2026-07-05T23:28:50.285Z","sleeping_god_mountain_1783294105097.png","Character/Env","Auto","825.4","See generated artifact"
"2026-07-05T23:28:50.291Z","titan_of_deep_sea_1783294091849.png","Character/Env","Auto","734.6","See generated artifact"
"2026-07-05T23:28:50.296Z","titan_of_earth_1783294078128.png","Character/Env","Auto","831.4","See generated artifact"
"2026-07-05T23:28:50.307Z","titan_of_sky_1783294085214.png","Character/Env","Auto","870.1","See generated artifact"
"2026-07-05T23:30:03.281Z","ancient_lore_archive_1783294183266.png","Character/Env","Auto","853.6","See generated artifact"
"2026-07-05T23:30:03.298Z","magetech_creators_workshop_1783294153853.png","Character/Env","Auto","964.6","See generated artifact"
"2026-07-05T23:30:03.302Z","swarms_of_the_abyss_1783294168653.png","Character/Env","Auto","865.4","See generated artifact"
"2026-07-05T23:30:03.306Z","the_first_rebellion_1783294176309.png","Character/Env","Auto","1046.9","See generated artifact"
"2026-07-05T23:30:03.311Z","the_shattered_moon_event_1783294160899.png","Character/Env","Auto","954.4","See generated artifact"
"2026-07-05T23:32:24.043Z","class_dungeon_hunter_1783294321097.png","Character/Env","Auto","848.8","See generated artifact"
"2026-07-05T23:32:24.056Z","class_magetech_warrior_1783294313149.png","Character/Env","Auto","908.9","See generated artifact"
"2026-07-05T23:32:24.063Z","class_quantum_wizard_1783294288447.png","Character/Env","Auto","986.8","See generated artifact"
"2026-07-05T23:32:24.067Z","class_reality_architect_1783294303350.png","Character/Env","Auto","887.4","See generated artifact"
"2026-07-05T23:32:24.072Z","class_temporal_wizard_1783294297265.png","Character/Env","Auto","740.3","See generated artifact"
"2026-07-05T23:33:28.773Z","alien_race_starlight_academy_1783294384574.png","Character/Env","Auto","1029.8","See generated artifact"
"2026-07-05T23:33:28.791Z","demon_lord_of_the_abyss_1783294376933.png","Character/Env","Auto","779.4","See generated artifact"
"2026-07-05T23:33:28.796Z","faction_agentic_swarm_1783294362731.png","Character/Env","Auto","1010.0","See generated artifact"
"2026-07-05T23:33:28.802Z","faction_kings_of_arcanea_1783294353622.png","Character/Env","Auto","966.1","See generated artifact"
"2026-07-05T23:33:28.808Z","ruler_queen_of_arcanea_1783294370720.png","Character/Env","Auto","897.4","See generated artifact"
